DATE,Open,High,Low,Close,Volume
2006-06-01,1270.050049,1285.709961,1269.189941,1285.709961,2360160000
2006-06-02,1285.709961,1290.680054,1280.219971,1288.219971,2295540000
2006-06-05,1288.160034,1288.160034,1264.660034,1265.290039,2313470000
2006-06-06,1265.22998,1269.880005,1254.459961,1263.849976,2697650000
2006-06-07,1263.609985,1272.469971,1255.77002,1256.150024,2644170000
2006-06-08,1256.079956,1259.849976,1235.180054,1257.930054,3543790000
2006-06-09,1257.930054,1262.579956,1250.030029,1252.300049,2214000000
2006-06-12,1252.27002,1255.219971,1236.430054,1237.439941,2247010000
2006-06-13,1236.079956,1243.369995,1222.52002,1223.689941,3215770000
2006-06-14,1223.660034,1231.459961,1219.290039,1230.040039,2667990000
2006-06-15,1230.01001,1258.640015,1230.01001,1256.160034,2775480000
2006-06-16,1256.160034,1256.27002,1246.329956,1251.540039,2783390000
2006-06-19,1251.540039,1255.930054,1237.170044,1240.130005,2517200000
2006-06-20,1240.119995,1249.01001,1238.869995,1240.119995,2232950000
2006-06-21,1240.089966,1257.959961,1240.089966,1252.199951,2361230000
2006-06-22,1251.920044,1251.920044,1241.530029,1245.599976,2148180000
2006-06-23,1245.589966,1253.130005,1241.430054,1244.5,2017270000
2006-06-26,1244.5,1250.920044,1243.680054,1250.560059,1878580000
2006-06-27,1250.550049,1253.369995,1238.939941,1239.199951,2203130000
2006-06-28,1238.98999,1247.060059,1237.589966,1246.0,2085490000
2006-06-29,1245.939941,1272.880005,1245.939941,1272.869995,2621250000
2006-06-30,1272.859985,1276.300049,1270.199951,1270.199951,3049560000
2006-07-03,1270.060059,1280.380005,1270.060059,1280.189941,1114470000
2006-07-05,1280.050049,1280.050049,1265.910034,1270.910034,2165070000
2006-07-06,1270.579956,1278.319946,1270.579956,1274.079956,2009160000
2006-07-07,1274.079956,1275.380005,1263.130005,1265.47998,1988150000
2006-07-10,1265.459961,1274.060059,1264.459961,1267.339966,1854590000
2006-07-11,1267.26001,1273.640015,1259.650024,1272.430054,2310850000
2006-07-12,1272.390015,1273.310059,1257.290039,1258.599976,2250450000
2006-07-13,1258.579956,1258.579956,1241.430054,1242.280029,2545760000
2006-07-14,1242.290039,1242.699951,1228.449951,1236.199951,2467120000
2006-07-17,1236.199951,1240.069946,1231.48999,1234.48999,2146410000
2006-07-18,1234.47998,1239.859985,1224.540039,1236.859985,2481750000
2006-07-19,1236.73999,1261.810059,1236.73999,1259.810059,2701980000
2006-07-20,1259.810059,1262.560059,1249.130005,1249.130005,2345580000
2006-07-21,1249.119995,1250.959961,1238.719971,1240.290039,2704090000
2006-07-24,1240.25,1262.5,1240.25,1260.910034,2312720000
2006-07-25,1260.910034,1272.390015,1257.189941,1268.880005,2563930000
2006-07-26,1268.869995,1273.890015,1261.939941,1268.400024,2667710000
2006-07-27,1268.199951,1275.849976,1261.920044,1263.199951,2776710000
2006-07-28,1263.150024,1280.420044,1263.150024,1278.550049,2480420000
2006-07-31,1278.530029,1278.660034,1274.310059,1276.660034,2461300000
2006-08-01,1278.530029,1278.660034,1265.709961,1270.920044,2527690000
2006-08-02,1270.72998,1283.420044,1270.72998,1277.410034,2610750000
2006-08-03,1278.219971,1283.959961,1271.25,1280.27002,2728440000
2006-08-04,1280.26001,1292.920044,1273.819946,1279.359985,2530970000
2006-08-07,1279.310059,1279.310059,1273.0,1275.77002,2045660000
2006-08-08,1275.670044,1282.75,1268.369995,1271.47998,2457840000
2006-08-09,1271.130005,1283.73999,1264.72998,1265.949951,2555180000
2006-08-10,1265.719971,1272.550049,1261.300049,1271.810059,2402190000
2006-08-11,1271.640015,1271.640015,1262.079956,1266.73999,2004540000
2006-08-14,1266.670044,1278.900024,1266.670044,1268.209961,2118020000
2006-08-15,1268.189941,1286.22998,1268.189941,1285.579956,2334100000
2006-08-16,1285.27002,1296.209961,1285.27002,1295.430054,2554570000
2006-08-17,1295.369995,1300.780029,1292.709961,1297.47998,2458340000
2006-08-18,1297.47998,1302.300049,1293.569946,1302.300049,2033910000
2006-08-21,1302.300049,1302.300049,1295.51001,1297.52002,1759240000
2006-08-22,1297.52002,1302.48999,1294.439941,1298.819946,1908740000
2006-08-23,1298.72998,1301.5,1289.819946,1292.98999,1893670000
2006-08-24,1292.969971,1297.22998,1291.400024,1296.060059,1930320000
2006-08-25,1295.920044,1298.880005,1292.390015,1295.089966,1667580000
2006-08-28,1295.089966,1305.02002,1293.969971,1301.780029,1834920000
2006-08-29,1301.569946,1305.02002,1295.290039,1304.280029,2093720000
2006-08-30,1303.699951,1306.73999,1302.150024,1305.369995,2060690000
2006-08-31,1304.25,1306.109985,1302.449951,1303.819946,1974540000
2006-09-01,1303.800049,1312.030029,1303.800049,1311.01001,1800520000
2006-09-05,1310.939941,1314.670044,1308.819946,1313.25,2114480000
2006-09-06,1313.040039,1313.040039,1299.280029,1300.26001,2329870000
2006-09-07,1300.209961,1301.25,1292.130005,1294.02002,2325850000
2006-09-08,1294.02002,1300.140015,1294.02002,1298.920044,2132890000
2006-09-11,1298.859985,1302.359985,1290.930054,1299.540039,2506430000
2006-09-12,1299.530029,1314.280029,1299.530029,1313.0,2791580000
2006-09-13,1312.73999,1319.920044,1311.119995,1318.069946,2597220000
2006-09-14,1318.0,1318.0,1313.25,1316.280029,2351220000
2006-09-15,1316.280029,1324.650024,1316.280029,1319.660034,3198030000
2006-09-18,1319.849976,1324.869995,1318.160034,1321.180054,2325080000
2006-09-19,1321.170044,1322.040039,1312.170044,1317.640015,2390850000
2006-09-20,1318.280029,1328.530029,1318.280029,1325.180054,2543070000
2006-09-21,1324.890015,1328.189941,1315.449951,1318.030029,2627440000
2006-09-22,1318.030029,1318.030029,1310.939941,1314.780029,2162880000
2006-09-25,1314.780029,1329.349976,1311.579956,1326.369995,2710240000
2006-09-26,1326.349976,1336.599976,1325.300049,1336.349976,2673350000
2006-09-27,1336.119995,1340.079956,1333.540039,1336.589966,2749190000
2006-09-28,1336.560059,1340.280029,1333.75,1338.880005,2397820000
2006-09-29,1339.150024,1339.880005,1335.640015,1335.849976,2273430000
2006-10-02,1335.819946,1338.540039,1330.280029,1331.319946,2154480000
2006-10-03,1331.319946,1338.310059,1327.099976,1334.109985,2682690000
2006-10-04,1333.810059,1350.199951,1331.47998,1350.199951,3019880000
2006-10-05,1349.839966,1353.790039,1347.75,1353.219971,2817240000
2006-10-06,1353.219971,1353.219971,1344.209961,1349.589966,2523000000
2006-10-09,1349.579956,1352.689941,1346.550049,1350.660034,1935170000
2006-10-10,1350.619995,1354.22998,1348.599976,1353.420044,2376140000
2006-10-11,1353.280029,1353.969971,1343.569946,1349.949951,2521000000
2006-10-12,1349.939941,1363.76001,1349.939941,1362.829956,2514350000
2006-10-13,1362.819946,1366.630005,1360.5,1365.619995,2482920000
2006-10-16,1365.609985,1370.199951,1364.47998,1369.060059,2305920000
2006-10-17,1369.050049,1369.050049,1356.869995,1364.050049,2519620000
2006-10-18,1363.930054,1372.869995,1360.949951,1365.800049,2658840000
2006-10-19,1365.949951,1368.089966,1362.060059,1366.959961,2619830000
2006-10-20,1366.939941,1368.660034,1362.099976,1368.599976,2526410000
2006-10-23,1368.579956,1377.400024,1363.939941,1377.02002,2480430000
2006-10-24,1377.02002,1377.780029,1372.420044,1377.380005,2876890000
2006-10-25,1377.359985,1383.609985,1376.0,1382.219971,2953540000
2006-10-26,1382.209961,1389.449951,1379.469971,1389.079956,2793350000
2006-10-27,1388.890015,1388.890015,1375.849976,1377.339966,2458450000
2006-10-30,1377.300049,1381.219971,1373.459961,1377.930054,2770440000
2006-10-31,1377.930054,1381.209961,1372.189941,1377.939941,2803030000
2006-11-01,1377.76001,1381.949951,1366.26001,1367.810059,2821160000
2006-11-02,1367.439941,1368.390015,1362.209961,1367.339966,2646180000
2006-11-03,1367.310059,1371.680054,1360.97998,1364.300049,2419730000
2006-11-06,1364.27002,1381.400024,1364.27002,1379.780029,2533550000
2006-11-07,1379.75,1388.189941,1379.189941,1382.839966,2636390000
2006-11-08,1382.5,1388.609985,1379.329956,1385.719971,2814820000
2006-11-09,1385.430054,1388.920044,1377.310059,1378.329956,3012050000
2006-11-10,1378.329956,1381.040039,1375.599976,1380.900024,2290200000
2006-11-13,1380.579956,1387.609985,1378.800049,1384.420044,2386340000
2006-11-14,1384.359985,1394.48999,1379.069946,1393.219971,3027480000
2006-11-15,1392.910034,1401.349976,1392.130005,1396.569946,2831130000
2006-11-16,1396.530029,1403.76001,1396.530029,1399.76001,2835730000
2006-11-17,1399.76001,1401.209961,1394.550049,1401.199951,2726100000
2006-11-20,1401.170044,1404.369995,1397.849976,1400.5,2546710000
2006-11-21,1400.430054,1403.48999,1399.98999,1402.810059,2597940000
2006-11-22,1402.689941,1407.890015,1402.26001,1406.089966,2237710000
2006-11-24,1405.939941,1405.939941,1399.25,1400.949951,832550000
2006-11-27,1400.949951,1400.949951,1381.439941,1381.959961,2711210000
2006-11-28,1381.609985,1387.910034,1377.829956,1386.719971,2639750000
2006-11-29,1386.109985,1401.140015,1386.109985,1399.47998,2790970000
2006-11-30,1399.469971,1406.300049,1393.829956,1400.630005,4006230000
2006-12-01,1400.630005,1402.459961,1385.930054,1396.709961,2800980000
2006-12-04,1396.670044,1411.22998,1396.670044,1409.119995,2766320000
2006-12-05,1409.099976,1415.27002,1408.780029,1414.76001,2755700000
2006-12-06,1414.400024,1415.930054,1411.050049,1412.900024,2725280000
2006-12-07,1412.859985,1418.27002,1406.800049,1407.290039,2743150000
2006-12-08,1407.27002,1414.089966,1403.670044,1409.839966,2440460000
2006-12-11,1409.810059,1415.599976,1408.560059,1413.040039,2289900000
2006-12-12,1413.0,1413.780029,1404.75,1411.560059,2738170000
2006-12-13,1411.319946,1416.640015,1411.050049,1413.209961,2552260000
2006-12-14,1413.160034,1427.22998,1413.160034,1425.48999,2729700000
2006-12-15,1425.47998,1431.630005,1425.47998,1427.089966,3229580000
2006-12-18,1427.079956,1431.810059,1420.650024,1422.47998,2568140000
2006-12-19,1422.420044,1428.300049,1414.880005,1425.550049,2717060000
2006-12-20,1425.51001,1429.050049,1423.51001,1423.530029,2387630000
2006-12-21,1423.199951,1426.400024,1415.900024,1418.300049,2322410000
2006-12-22,1418.099976,1418.819946,1410.280029,1410.76001,1647590000
2006-12-26,1410.75,1417.910034,1410.449951,1416.900024,1310310000
2006-12-27,1416.630005,1427.719971,1416.630005,1426.839966,1667370000
2006-12-28,1426.77002,1427.26001,1422.050049,1424.72998,1508570000
2006-12-29,1424.709961,1427.0,1416.839966,1418.300049,1678200000
2007-01-03,1418.030029,1429.420044,1407.859985,1416.599976,3429160000
2007-01-04,1416.599976,1421.839966,1408.430054,1418.339966,3004460000
2007-01-05,1418.339966,1418.339966,1405.75,1409.709961,2919400000
2007-01-08,1409.26001,1414.97998,1403.969971,1412.839966,2763340000
2007-01-09,1412.839966,1415.609985,1405.420044,1412.109985,3038380000
2007-01-10,1408.699951,1415.98999,1405.319946,1414.849976,2764660000
2007-01-11,1414.839966,1427.119995,1414.839966,1423.819946,2857870000
2007-01-12,1423.819946,1431.22998,1422.579956,1430.72998,2686480000
2007-01-16,1430.72998,1433.930054,1428.619995,1431.900024,2599530000
2007-01-17,1431.77002,1435.27002,1428.569946,1430.619995,2690270000
2007-01-18,1430.589966,1432.959961,1424.209961,1426.369995,2822430000
2007-01-19,1426.349976,1431.569946,1425.189941,1430.5,2777480000
2007-01-22,1430.469971,1431.390015,1420.400024,1422.949951,2540120000
2007-01-23,1422.949951,1431.329956,1421.660034,1427.98999,2975070000
2007-01-24,1427.959961,1440.140015,1427.959961,1440.130005,2783180000
2007-01-25,1440.119995,1440.689941,1422.339966,1423.900024,2994330000
2007-01-26,1423.900024,1427.27002,1416.959961,1422.180054,2626620000
2007-01-29,1422.030029,1426.939941,1418.459961,1420.619995,2730480000
2007-01-30,1420.609985,1428.819946,1420.609985,1428.819946,2706250000
2007-01-31,1428.650024,1441.609985,1424.780029,1438.23999,2976690000
2007-02-01,1437.900024,1446.640015,1437.900024,1445.939941,2914890000
2007-02-02,1445.939941,1449.329956,1444.48999,1448.390015,2569450000
2007-02-05,1448.329956,1449.380005,1443.849976,1446.98999,2439430000
2007-02-06,1446.97998,1450.189941,1443.400024,1448.0,2608710000
2007-02-07,1447.410034,1452.98999,1446.439941,1450.02002,2618820000
2007-02-08,1449.98999,1450.449951,1442.810059,1448.310059,2816180000
2007-02-09,1448.25,1452.449951,1433.439941,1438.060059,2951810000
2007-02-12,1438.0,1439.109985,1431.439941,1433.369995,2395680000
2007-02-13,1433.219971,1444.410034,1433.219971,1444.26001,2652150000
2007-02-14,1443.910034,1457.650024,1443.910034,1455.300049,2699290000
2007-02-15,1455.150024,1457.969971,1453.189941,1456.810059,2490920000
2007-02-16,1456.77002,1456.77002,1451.569946,1455.540039,2399450000
2007-02-20,1455.530029,1460.530029,1449.199951,1459.680054,2337860000
2007-02-21,1459.599976,1459.599976,1452.02002,1457.630005,2606980000
2007-02-22,1457.290039,1461.569946,1450.51001,1456.380005,1950770000
2007-02-23,1456.219971,1456.219971,1448.359985,1451.189941,2579950000
2007-02-26,1451.040039,1456.949951,1445.47998,1449.369995,2822170000
2007-02-27,1449.25,1449.25,1389.420044,1399.040039,4065230000
2007-02-28,1398.640015,1415.890015,1396.650024,1406.819946,3925250000
2007-03-01,1406.800049,1409.459961,1380.869995,1403.170044,3874910000
2007-03-02,1403.160034,1403.400024,1386.869995,1387.170044,3312260000
2007-03-05,1387.109985,1391.859985,1373.969971,1374.119995,3480520000
2007-03-06,1374.060059,1397.900024,1374.060059,1395.410034,3358160000
2007-03-07,1395.02002,1401.160034,1390.640015,1391.969971,3141350000
2007-03-08,1391.880005,1407.930054,1391.880005,1401.890015,3014850000
2007-03-09,1401.890015,1410.150024,1397.300049,1402.839966,2623050000
2007-03-12,1402.800049,1409.339966,1398.400024,1406.599976,2664000000
2007-03-13,1406.22998,1406.22998,1377.709961,1377.949951,3485570000
2007-03-14,1377.859985,1388.089966,1363.97998,1387.170044,3758350000
2007-03-15,1387.109985,1395.72998,1385.160034,1392.280029,2821900000
2007-03-16,1392.280029,1397.51001,1383.630005,1386.949951,3393640000
2007-03-19,1386.949951,1403.199951,1386.949951,1402.060059,2777180000
2007-03-20,1402.040039,1411.530029,1400.699951,1410.939941,2795940000
2007-03-21,1410.920044,1437.77002,1409.75,1435.040039,3184770000
2007-03-22,1435.040039,1437.660034,1429.880005,1434.540039,3129970000
2007-03-23,1434.540039,1438.890015,1433.209961,1436.109985,2619020000
2007-03-26,1436.109985,1437.650024,1423.280029,1437.5,2754660000
2007-03-27,1437.48999,1437.48999,1425.540039,1428.609985,2673040000
2007-03-28,1428.349976,1428.349976,1414.069946,1417.22998,3000440000
2007-03-29,1417.170044,1426.23999,1413.27002,1422.530029,2854710000
2007-03-30,1422.52002,1429.219971,1408.900024,1420.859985,2903960000
2007-04-02,1420.829956,1425.48999,1416.369995,1424.550049,2875880000
2007-04-03,1424.27002,1440.569946,1424.27002,1437.77002,2921760000
2007-04-04,1437.75,1440.160034,1435.079956,1439.369995,2616320000
2007-04-05,1438.939941,1444.880005,1436.670044,1443.76001,2357230000
2007-04-09,1443.77002,1448.099976,1443.280029,1444.609985,2349410000
2007-04-10,1444.579956,1448.72998,1443.98999,1448.390015,2510110000
2007-04-11,1448.22998,1448.390015,1436.150024,1438.869995,2950190000
2007-04-12,1438.869995,1448.02002,1433.910034,1447.800049,2770570000
2007-04-13,1447.800049,1453.109985,1444.150024,1452.849976,2690020000
2007-04-16,1452.839966,1468.619995,1452.839966,1468.329956,2870140000
2007-04-17,1468.469971,1474.349976,1467.150024,1471.47998,2920570000
2007-04-18,1471.469971,1476.569946,1466.410034,1472.5,2971330000
2007-04-19,1472.47998,1474.22998,1464.469971,1470.72998,2913610000
2007-04-20,1470.689941,1484.73999,1470.689941,1484.349976,3329940000
2007-04-23,1484.329956,1487.319946,1480.189941,1480.930054,2575020000
2007-04-24,1480.930054,1483.819946,1473.73999,1480.410034,3119750000
2007-04-25,1480.280029,1496.589966,1480.280029,1495.420044,3252590000
2007-04-26,1495.27002,1498.02002,1491.170044,1494.25,3211800000
2007-04-27,1494.209961,1497.319946,1488.670044,1494.069946,2732810000
2007-04-30,1494.069946,1497.160034,1482.290039,1482.369995,3093420000
2007-05-01,1482.369995,1487.27002,1476.699951,1486.300049,3400350000
2007-05-02,1486.130005,1499.099976,1486.130005,1495.920044,3189800000
2007-05-03,1495.560059,1503.339966,1495.560059,1502.390015,3007970000
2007-05-04,1502.349976,1510.339966,1501.800049,1505.619995,2761930000
2007-05-07,1505.569946,1511.0,1505.540039,1509.47998,2545090000
2007-05-08,1509.359985,1509.359985,1500.660034,1507.719971,2795720000
2007-05-09,1507.319946,1513.800049,1503.77002,1512.579956,2935550000
2007-05-10,1512.329956,1512.329956,1491.420044,1491.469971,3031240000
2007-05-11,1491.469971,1506.23999,1491.469971,1505.849976,2720780000
2007-05-14,1505.76001,1510.900024,1498.339966,1503.150024,2776130000
2007-05-15,1503.109985,1514.829956,1500.430054,1501.189941,3071020000
2007-05-16,1500.75,1514.150024,1500.75,1514.140015,2915350000
2007-05-17,1514.01001,1517.140015,1509.290039,1512.75,2868640000
2007-05-18,1512.73999,1522.75,1512.73999,1522.75,2959050000
2007-05-21,1522.75,1529.869995,1522.709961,1525.099976,3465360000
2007-05-22,1525.099976,1529.23999,1522.050049,1524.119995,2860500000
2007-05-23,1524.089966,1532.430054,1521.900024,1522.280029,3084260000
2007-05-24,1522.099976,1529.310059,1505.180054,1507.51001,3365530000
2007-05-25,1507.5,1517.410034,1507.5,1515.72998,2316250000
2007-05-29,1515.550049,1521.800049,1512.02002,1518.109985,2571790000
2007-05-30,1517.599976,1530.22998,1510.060059,1530.22998,2980210000
2007-05-31,1530.189941,1535.560059,1528.26001,1530.619995,3335530000
2007-06-01,1530.619995,1540.560059,1530.619995,1536.339966,2927020000
2007-06-04,1536.280029,1540.530029,1532.310059,1539.180054,2738930000
2007-06-05,1539.119995,1539.119995,1525.619995,1530.949951,2939450000
2007-06-06,1530.569946,1530.569946,1514.130005,1517.380005,2964190000
2007-06-07,1517.359985,1517.359985,1490.369995,1490.719971,3538470000
2007-06-08,1490.709961,1507.76001,1487.410034,1507.670044,2993460000
2007-06-11,1507.640015,1515.530029,1503.349976,1509.119995,2525280000
2007-06-12,1509.119995,1511.329956,1492.969971,1493.0,3056200000
2007-06-13,1492.650024,1515.699951,1492.650024,1515.670044,3077930000
2007-06-14,1515.579956,1526.449951,1515.579956,1522.969971,2813630000
2007-06-15,1522.969971,1538.709961,1522.969971,1532.910034,3406030000
2007-06-18,1532.900024,1535.439941,1529.310059,1531.050049,2480240000
2007-06-19,1531.02002,1535.849976,1525.670044,1533.699951,2873590000
2007-06-20,1533.680054,1537.319946,1512.359985,1512.839966,3286900000
2007-06-21,1512.5,1522.900024,1504.75,1522.189941,3161110000
2007-06-22,1522.189941,1522.189941,1500.73999,1502.560059,4284320000
2007-06-25,1502.560059,1514.290039,1492.680054,1497.73999,3287250000
2007-06-26,1497.680054,1506.119995,1490.540039,1492.890015,3398530000
2007-06-27,1492.619995,1506.800049,1484.180054,1506.339966,3398150000
2007-06-28,1506.319946,1514.839966,1503.410034,1505.709961,3006710000
2007-06-29,1505.699951,1517.530029,1493.609985,1503.349976,3165410000
2007-07-02,1504.660034,1519.449951,1504.660034,1519.430054,2648990000
2007-07-03,1519.119995,1526.01001,1519.119995,1524.869995,1560790000
2007-07-05,1524.859985,1526.569946,1517.719971,1525.400024,2622950000
2007-07-06,1524.959961,1532.400024,1520.469971,1530.439941,2441520000
2007-07-09,1530.430054,1534.26001,1527.449951,1531.849976,2715330000
2007-07-10,1531.849976,1531.849976,1510.01001,1510.119995,3244280000
2007-07-11,1509.930054,1519.339966,1506.099976,1518.76001,3082920000
2007-07-12,1518.73999,1547.920044,1518.73999,1547.699951,3489600000
2007-07-13,1547.680054,1555.099976,1544.849976,1552.5,2801120000
2007-07-16,1552.5,1555.900024,1546.689941,1549.52002,2704110000
2007-07-17,1549.52002,1555.319946,1547.73999,1549.369995,3007140000
2007-07-18,1549.199951,1549.199951,1533.670044,1546.170044,3609220000
2007-07-19,1546.130005,1555.199951,1546.130005,1553.079956,3251450000
2007-07-20,1553.189941,1553.189941,1529.199951,1534.099976,3745780000
2007-07-23,1534.060059,1547.22998,1534.060059,1541.569946,3102700000
2007-07-24,1541.569946,1541.569946,1508.619995,1511.040039,4115830000
2007-07-25,1511.030029,1524.310059,1503.72998,1518.089966,4283200000
2007-07-26,1518.089966,1518.089966,1465.300049,1482.660034,4472550000
2007-07-27,1482.439941,1488.530029,1458.949951,1458.949951,4784650000
2007-07-30,1458.930054,1477.880005,1454.319946,1473.910034,4128780000
2007-07-31,1473.900024,1488.300049,1454.25,1455.27002,4524520000
2007-08-01,1455.180054,1468.380005,1439.589966,1465.810059,5256780000
2007-08-02,1465.459961,1476.430054,1460.579956,1472.199951,4368850000
2007-08-03,1472.180054,1473.22998,1432.800049,1433.060059,4272110000
2007-08-06,1433.040039,1467.670044,1427.390015,1467.670044,5067200000
2007-08-07,1467.619995,1488.300049,1455.800049,1476.709961,4909390000
2007-08-08,1476.219971,1503.890015,1476.219971,1497.48999,5499560000
2007-08-09,1497.209961,1497.209961,1453.089966,1453.089966,5889600000
2007-08-10,1453.089966,1462.02002,1429.73999,1453.640015,5345780000
2007-08-13,1453.420044,1466.290039,1451.540039,1452.920044,3696280000
2007-08-14,1452.869995,1456.73999,1426.199951,1426.540039,3814630000
2007-08-15,1426.150024,1440.780029,1404.359985,1406.699951,4290930000
2007-08-16,1406.640015,1415.969971,1370.599976,1411.27002,6509300000
2007-08-17,1411.26001,1450.329956,1411.26001,1445.939941,3570040000
2007-08-20,1445.939941,1451.75,1430.540039,1445.550049,3321340000
2007-08-21,1445.550049,1455.319946,1439.76001,1447.119995,3012150000
2007-08-22,1447.030029,1464.859985,1447.030029,1464.069946,3309120000
2007-08-23,1464.050049,1472.060059,1453.880005,1462.5,3084390000
2007-08-24,1462.339966,1479.400024,1460.540039,1479.369995,2541400000
2007-08-27,1479.359985,1479.359985,1465.97998,1466.790039,2406180000
2007-08-28,1466.719971,1466.719971,1432.01001,1432.359985,3078090000
2007-08-29,1432.01001,1463.76001,1432.01001,1463.76001,2824070000
2007-08-30,1463.670044,1468.430054,1451.25,1457.640015,2582960000
2007-08-31,1457.609985,1481.469971,1457.609985,1473.98999,2731610000
2007-09-04,1473.959961,1496.400024,1472.150024,1489.420044,2766600000
2007-09-05,1488.76001,1488.76001,1466.339966,1472.290039,2991600000
2007-09-06,1472.030029,1481.48999,1467.410034,1478.550049,2459590000
2007-09-07,1478.550049,1478.550049,1449.069946,1453.550049,3191080000
2007-09-10,1453.5,1462.25,1439.290039,1451.699951,2835720000
2007-09-11,1451.689941,1472.47998,1451.689941,1471.48999,3015330000
2007-09-12,1471.099976,1479.5,1465.75,1471.560059,2885720000
2007-09-13,1471.469971,1489.579956,1471.469971,1483.949951,2877080000
2007-09-14,1483.949951,1485.98999,1473.180054,1484.25,2641740000
2007-09-17,1484.23999,1484.23999,1471.819946,1476.650024,2598390000
2007-09-18,1476.630005,1519.890015,1476.630005,1519.780029,3708940000
2007-09-19,1519.75,1538.73999,1519.75,1529.030029,3846750000
2007-09-20,1528.689941,1529.140015,1516.420044,1518.75,2957700000
2007-09-21,1518.75,1530.890015,1518.75,1525.75,3679460000
2007-09-24,1525.75,1530.180054,1516.150024,1517.72998,3131310000
2007-09-25,1516.339966,1518.27002,1507.130005,1517.209961,3187770000
2007-09-26,1518.619995,1529.390015,1518.619995,1525.420044,3237390000
2007-09-27,1527.319946,1532.459961,1525.810059,1531.380005,2872180000
2007-09-28,1531.23999,1533.73999,1521.98999,1526.75,2925350000
2007-10-01,1527.290039,1549.02002,1527.25,1547.040039,3281990000
2007-10-02,1546.959961,1548.01001,1540.369995,1546.630005,3101910000
2007-10-03,1545.800049,1545.839966,1536.339966,1539.589966,3065320000
2007-10-04,1539.910034,1544.02002,1537.630005,1542.839966,2690430000
2007-10-05,1543.839966,1561.910034,1543.839966,1557.589966,2919030000
2007-10-08,1556.51001,1556.51001,1549.0,1552.579956,2040650000
2007-10-09,1553.180054,1565.26001,1551.819946,1565.150024,2932040000
2007-10-10,1564.97998,1565.420044,1555.459961,1562.469971,3044760000
2007-10-11,1564.719971,1576.089966,1546.719971,1554.410034,3911260000
2007-10-12,1555.410034,1563.030029,1554.089966,1561.800049,2788690000
2007-10-15,1562.25,1564.73999,1540.810059,1548.709961,3139290000
2007-10-16,1547.810059,1547.810059,1536.290039,1538.530029,3234560000
2007-10-17,1544.439941,1550.660034,1526.01001,1541.23999,3638070000
2007-10-18,1539.290039,1542.790039,1531.76001,1540.079956,3203210000
2007-10-19,1540.0,1540.0,1500.26001,1500.630005,4160970000
2007-10-22,1497.790039,1508.060059,1490.400024,1506.329956,3471830000
2007-10-23,1509.300049,1520.01001,1503.609985,1519.589966,3309120000
2007-10-24,1516.609985,1517.22998,1489.560059,1515.880005,4003300000
2007-10-25,1516.150024,1523.23999,1500.459961,1514.400024,4183960000
2007-10-26,1522.170044,1535.530029,1520.180054,1535.280029,3612120000
2007-10-29,1536.920044,1544.670044,1536.430054,1540.97998,3124480000
2007-10-30,1539.420044,1539.420044,1529.550049,1531.02002,3212520000
2007-10-31,1532.150024,1552.76001,1529.400024,1549.380005,3953070000
2007-11-01,1545.790039,1545.790039,1506.660034,1508.439941,4241470000
2007-11-02,1511.069946,1513.150024,1492.530029,1509.650024,4285990000
2007-11-05,1505.609985,1510.839966,1489.949951,1502.170044,3819330000
2007-11-06,1505.329956,1520.77002,1499.069946,1520.27002,3879160000
2007-11-07,1515.459961,1515.459961,1475.040039,1475.619995,4353160000
2007-11-08,1475.27002,1482.5,1450.310059,1474.77002,5439720000
2007-11-09,1467.589966,1474.089966,1448.51001,1453.699951,4587050000
2007-11-12,1453.660034,1464.939941,1438.530029,1439.180054,4192520000
2007-11-13,1441.349976,1481.369995,1441.349976,1481.050049,4141310000
2007-11-14,1483.400024,1492.140015,1466.469971,1470.579956,4031470000
2007-11-15,1468.040039,1472.670044,1443.48999,1451.150024,3941010000
2007-11-16,1453.089966,1462.180054,1443.98999,1458.73999,4168870000
2007-11-19,1456.699951,1456.699951,1430.420044,1433.27002,4119650000
2007-11-20,1434.51001,1452.640015,1419.280029,1439.699951,4875150000
2007-11-21,1434.709961,1436.400024,1415.640015,1416.77002,4076230000
2007-11-23,1417.619995,1440.859985,1417.619995,1440.699951,1612720000
2007-11-26,1440.73999,1446.089966,1406.099976,1407.219971,3706470000
2007-11-27,1409.589966,1429.48999,1407.430054,1428.22998,4320720000
2007-11-28,1432.949951,1471.619995,1432.949951,1469.02002,4508020000
2007-11-29,1467.410034,1473.810059,1458.359985,1469.719971,3524730000
2007-11-30,1471.829956,1488.939941,1470.890015,1481.140015,4422200000
2007-12-03,1479.630005,1481.160034,1470.079956,1472.420044,3323250000
2007-12-04,1471.339966,1471.339966,1460.660034,1462.790039,3343620000
2007-12-05,1465.219971,1486.089966,1465.219971,1485.01001,3663660000
2007-12-06,1484.589966,1508.02002,1482.189941,1507.339966,3568570000
2007-12-07,1508.599976,1510.630005,1502.660034,1504.660034,3177710000
2007-12-10,1505.109985,1518.27002,1504.959961,1515.959961,2911760000
2007-12-11,1516.680054,1523.569946,1475.98999,1477.650024,4080180000
2007-12-12,1487.579956,1511.959961,1468.22998,1486.589966,4482120000
2007-12-13,1483.27002,1489.400024,1469.209961,1488.410034,3635170000
2007-12-14,1486.189941,1486.670044,1467.780029,1467.949951,3401050000
2007-12-17,1465.050049,1465.050049,1445.430054,1445.900024,3569030000
2007-12-18,1445.920044,1460.160034,1435.650024,1454.97998,3723690000
2007-12-19,1454.699951,1464.420044,1445.310059,1453.0,3401300000
2007-12-20,1456.420044,1461.530029,1447.219971,1460.119995,3526890000
2007-12-21,1463.189941,1485.400024,1463.189941,1484.459961,4508590000
2007-12-24,1484.550049,1497.630005,1484.550049,1496.449951,1267420000
2007-12-26,1495.119995,1498.849976,1488.199951,1497.660034,2010500000
2007-12-27,1495.050049,1495.050049,1475.859985,1476.27002,2365770000
2007-12-28,1479.829956,1488.01001,1471.699951,1478.48999,2420510000
2007-12-31,1475.25,1475.829956,1465.130005,1468.359985,2440880000
2008-01-02,1467.969971,1471.77002,1442.069946,1447.160034,3452650000
2008-01-03,1447.550049,1456.800049,1443.72998,1447.160034,3429500000
2008-01-04,1444.01001,1444.01001,1411.189941,1411.630005,4166000000
2008-01-07,1414.069946,1423.869995,1403.449951,1416.180054,4221260000
2008-01-08,1415.709961,1430.280029,1388.300049,1390.189941,4705390000
2008-01-09,1390.25,1409.189941,1378.699951,1409.130005,5351030000
2008-01-10,1406.780029,1429.089966,1395.310059,1420.329956,5170490000
2008-01-11,1419.910034,1419.910034,1394.829956,1401.02002,4495840000
2008-01-14,1402.910034,1417.890015,1402.910034,1416.25,3682090000
2008-01-15,1411.880005,1411.880005,1380.599976,1380.949951,4601640000
2008-01-16,1377.410034,1391.98999,1364.27002,1373.199951,5440620000
2008-01-17,1374.790039,1377.719971,1330.670044,1333.25,5303130000
2008-01-18,1333.900024,1350.280029,1312.51001,1325.189941,6004840000
2008-01-22,1312.939941,1322.089966,1274.290039,1310.5,6544690000
2008-01-23,1310.410034,1339.089966,1270.050049,1338.599976,3241680000
2008-01-24,1340.130005,1355.150024,1334.310059,1352.069946,5735300000
2008-01-25,1357.319946,1368.560059,1327.5,1330.609985,4882250000
2008-01-28,1330.699951,1353.969971,1322.26001,1353.959961,4100930000
2008-01-29,1355.939941,1364.930054,1350.189941,1362.300049,4232960000
2008-01-30,1362.219971,1385.859985,1352.949951,1355.810059,4742760000
2008-01-31,1351.97998,1385.619995,1334.079956,1378.550049,4970290000
2008-02-01,1378.599976,1396.02002,1375.930054,1395.420044,4650770000
2008-02-04,1395.380005,1395.380005,1379.689941,1380.819946,3495780000
2008-02-05,1380.280029,1380.280029,1336.640015,1336.640015,4315740000
2008-02-06,1339.47998,1351.959961,1324.339966,1326.449951,4008120000
2008-02-07,1324.01001,1347.160034,1316.75,1336.910034,4589160000
2008-02-08,1336.880005,1341.219971,1321.060059,1331.290039,3768490000
2008-02-11,1331.920044,1341.400024,1320.319946,1339.130005,3593140000
2008-02-12,1340.550049,1362.099976,1339.359985,1348.859985,4044640000
2008-02-13,1353.119995,1369.22998,1350.780029,1367.209961,3856420000
2008-02-14,1367.329956,1368.160034,1347.310059,1348.859985,3644760000
2008-02-15,1347.52002,1350.0,1338.130005,1349.98999,3583300000
2008-02-19,1355.859985,1367.280029,1345.050049,1348.780029,3613550000
2008-02-20,1348.390015,1363.709961,1336.550049,1360.030029,3870520000
2008-02-21,1362.209961,1367.939941,1339.339966,1342.530029,3696660000
2008-02-22,1344.219971,1354.300049,1327.040039,1353.109985,3572660000
2008-02-25,1352.75,1374.359985,1346.030029,1371.800049,3866350000
2008-02-26,1371.76001,1387.339966,1363.290039,1381.290039,4096060000
2008-02-27,1378.949951,1388.339966,1372.0,1380.02002,3904700000
2008-02-28,1378.160034,1378.160034,1363.160034,1367.680054,3938580000
2008-02-29,1364.069946,1364.069946,1325.420044,1330.630005,4426730000
2008-03-03,1330.449951,1335.130005,1320.040039,1331.339966,4117570000
2008-03-04,1329.579956,1331.030029,1307.390015,1326.75,4757180000
2008-03-05,1327.689941,1344.189941,1320.219971,1333.699951,4277710000
2008-03-06,1332.199951,1332.199951,1303.420044,1304.339966,4323460000
2008-03-07,1301.530029,1313.23999,1282.430054,1293.369995,4565410000
2008-03-10,1293.160034,1295.01001,1272.660034,1273.369995,4261240000
2008-03-11,1274.400024,1320.650024,1274.400024,1320.650024,5109080000
2008-03-12,1321.130005,1333.26001,1307.859985,1308.77002,4414280000
2008-03-13,1305.26001,1321.680054,1282.109985,1315.47998,5073360000
2008-03-14,1316.050049,1321.469971,1274.859985,1288.140015,5153780000
2008-03-17,1283.209961,1287.5,1256.97998,1276.599976,5683010000
2008-03-18,1277.160034,1330.73999,1277.160034,1330.73999,5335630000
2008-03-19,1330.969971,1341.51001,1298.420044,1298.420044,5358550000
2008-03-20,1299.670044,1330.670044,1295.219971,1329.51001,6145220000
2008-03-24,1330.290039,1359.680054,1330.290039,1349.880005,4499000000
2008-03-25,1349.069946,1357.469971,1341.209961,1352.98999,4145120000
2008-03-26,1352.449951,1352.449951,1336.410034,1341.130005,4055670000
2008-03-27,1340.339966,1345.619995,1325.660034,1325.76001,4037930000
2008-03-28,1327.02002,1334.869995,1312.949951,1315.219971,3686980000
2008-03-31,1315.920044,1328.52002,1312.810059,1322.699951,4188990000
2008-04-01,1326.410034,1370.180054,1326.410034,1370.180054,4745120000
2008-04-02,1369.959961,1377.949951,1361.550049,1367.530029,4320440000
2008-04-03,1365.689941,1375.660034,1358.680054,1369.310059,3920100000
2008-04-04,1369.849976,1380.910034,1362.829956,1370.400024,3703100000
2008-04-07,1373.689941,1386.73999,1369.02002,1372.540039,3747780000
2008-04-08,1370.160034,1370.160034,1360.619995,1365.540039,3602500000
2008-04-09,1365.5,1368.390015,1349.969971,1354.48999,3556670000
2008-04-10,1355.369995,1367.23999,1350.109985,1360.550049,3686150000
2008-04-11,1357.97998,1357.97998,1331.209961,1332.829956,3723790000
2008-04-14,1332.199951,1335.640015,1326.160034,1328.319946,3565020000
2008-04-15,1331.719971,1337.719971,1324.349976,1334.430054,3581230000
2008-04-16,1337.02002,1365.48999,1337.02002,1364.709961,4260370000
2008-04-17,1363.369995,1368.599976,1357.25,1365.560059,3713880000
2008-04-18,1369.0,1395.900024,1369.0,1390.329956,4222380000
2008-04-21,1387.719971,1390.22998,1379.25,1388.170044,3420570000
2008-04-22,1386.430054,1386.430054,1369.839966,1375.939941,3821900000
2008-04-23,1378.400024,1387.869995,1372.23999,1379.930054,4103610000
2008-04-24,1380.52002,1397.719971,1371.089966,1388.819946,4461660000
2008-04-25,1387.880005,1399.109985,1379.97998,1397.839966,3891150000
2008-04-28,1397.959961,1402.900024,1394.400024,1396.369995,3607000000
2008-04-29,1395.609985,1397.0,1386.699951,1390.939941,3815320000
2008-04-30,1391.219971,1404.569946,1384.25,1385.589966,4508890000
2008-05-01,1385.969971,1410.069946,1383.069946,1409.339966,4448780000
2008-05-02,1409.160034,1422.719971,1406.25,1413.900024,3953030000
2008-05-05,1415.339966,1415.339966,1404.369995,1407.48999,3410090000
2008-05-06,1405.599976,1421.569946,1397.099976,1418.26001,3924100000
2008-05-07,1417.48999,1419.540039,1391.160034,1392.569946,4075860000
2008-05-08,1394.290039,1402.349976,1389.390015,1397.680054,3827550000
2008-05-09,1394.900024,1394.900024,1384.109985,1388.280029,3518620000
2008-05-12,1389.400024,1404.060059,1386.199951,1403.579956,3370630000
2008-05-13,1404.400024,1406.300049,1396.26001,1403.040039,4018590000
2008-05-14,1405.650024,1420.189941,1405.650024,1408.660034,3979370000
2008-05-15,1408.359985,1424.400024,1406.869995,1423.569946,3836480000
2008-05-16,1423.890015,1425.819946,1414.349976,1425.349976,3842590000
2008-05-19,1425.280029,1440.23999,1421.630005,1426.630005,3683970000
2008-05-20,1424.48999,1424.48999,1409.089966,1413.400024,3854320000
2008-05-21,1414.060059,1419.119995,1388.810059,1390.709961,4517990000
2008-05-22,1390.829956,1399.069946,1390.22998,1394.349976,3955960000
2008-05-23,1392.199951,1392.199951,1373.719971,1375.930054,3516380000
2008-05-27,1375.969971,1387.400024,1373.069946,1385.349976,3588860000
2008-05-28,1386.540039,1391.25,1378.160034,1390.839966,3927240000
2008-05-29,1390.5,1406.319946,1388.589966,1398.26001,3894440000
2008-05-30,1398.359985,1404.459961,1398.079956,1400.380005,3845630000
2008-06-02,1399.619995,1399.619995,1377.790039,1385.670044,3714320000
2008-06-03,1386.420044,1393.119995,1370.119995,1377.650024,4396380000
2008-06-04,1376.26001,1388.180054,1371.73999,1377.199951,4338640000
2008-06-05,1377.47998,1404.050049,1377.47998,1404.050049,4350790000
2008-06-06,1400.060059,1400.060059,1359.900024,1360.680054,4771660000
2008-06-09,1360.829956,1370.630005,1350.619995,1361.76001,4404570000
2008-06-10,1358.97998,1366.839966,1351.560059,1358.439941,4635070000
2008-06-11,1357.089966,1357.089966,1335.469971,1335.48999,4779980000
2008-06-12,1335.780029,1353.030029,1331.290039,1339.869995,4734240000
2008-06-13,1341.810059,1360.030029,1341.709961,1360.030029,4080420000
2008-06-16,1358.849976,1364.699951,1352.069946,1360.140015,3706940000
2008-06-17,1360.709961,1366.589966,1350.540039,1350.930054,3801960000
2008-06-18,1349.589966,1349.589966,1333.400024,1337.810059,4573570000
2008-06-19,1336.890015,1347.660034,1330.5,1342.829956,4811670000
2008-06-20,1341.02002,1341.02002,1314.459961,1317.930054,5324900000
2008-06-23,1319.77002,1323.780029,1315.310059,1318.0,4186370000
2008-06-24,1317.22998,1326.02002,1304.420044,1314.290039,4705050000
2008-06-25,1314.540039,1335.630005,1314.540039,1321.969971,4825640000
2008-06-26,1316.290039,1316.290039,1283.150024,1283.150024,5231280000
2008-06-27,1283.599976,1289.449951,1272.0,1278.380005,6208260000
2008-06-30,1278.060059,1290.310059,1274.859985,1280.0,5032330000
2008-07-01,1276.689941,1285.310059,1260.680054,1284.910034,5846290000
2008-07-02,1285.819946,1292.170044,1261.51001,1261.52002,5276090000
2008-07-03,1262.959961,1271.47998,1252.01001,1262.900024,3247590000
2008-07-07,1262.900024,1273.949951,1240.680054,1252.310059,5265420000
2008-07-08,1251.839966,1274.170044,1242.839966,1273.699951,6034110000
2008-07-09,1273.380005,1277.359985,1244.569946,1244.689941,5181000000
2008-07-10,1245.25,1257.650024,1236.76001,1253.390015,5840430000
2008-07-11,1248.660034,1257.27002,1225.349976,1239.48999,6742200000
2008-07-14,1241.609985,1253.5,1225.01001,1228.300049,5434860000
2008-07-15,1226.829956,1234.349976,1200.439941,1214.910034,7363640000
2008-07-16,1214.650024,1245.52002,1211.390015,1245.359985,6738630000
2008-07-17,1246.310059,1262.310059,1241.48999,1260.319946,7365210000
2008-07-18,1258.219971,1262.22998,1251.810059,1260.680054,5653280000
2008-07-21,1261.819946,1267.73999,1255.699951,1260.0,4630640000
2008-07-22,1257.079956,1277.420044,1248.829956,1277.0,6180230000
2008-07-23,1278.869995,1291.170044,1276.060059,1282.189941,6705830000
2008-07-24,1283.219971,1283.219971,1251.47998,1252.540039,6127980000
2008-07-25,1253.51001,1263.22998,1251.75,1257.76001,4672560000
2008-07-28,1257.76001,1260.089966,1234.369995,1234.369995,4282960000
2008-07-29,1236.380005,1263.199951,1236.380005,1263.199951,5414240000
2008-07-30,1264.52002,1284.329956,1264.52002,1284.26001,5631330000
2008-07-31,1281.369995,1284.930054,1265.969971,1267.380005,5346050000
2008-08-01,1269.420044,1270.52002,1254.540039,1260.310059,4684870000
2008-08-04,1253.27002,1260.48999,1247.449951,1249.01001,4562280000
2008-08-05,1254.869995,1284.880005,1254.670044,1284.880005,1219310000
2008-08-06,1283.98999,1291.670044,1276.0,1289.189941,4873420000
2008-08-07,1286.51001,1286.51001,1264.290039,1266.069946,5319380000
2008-08-08,1266.290039,1297.849976,1262.109985,1296.319946,4966810000
2008-08-11,1294.420044,1313.150024,1291.410034,1305.319946,5067310000
2008-08-12,1304.790039,1304.790039,1285.640015,1289.589966,4711290000
2008-08-13,1288.640015,1294.030029,1274.859985,1285.829956,4787600000
2008-08-14,1282.109985,1300.109985,1276.839966,1292.930054,4064000000
2008-08-15,1293.849976,1302.050049,1290.73999,1298.199951,4041820000
2008-08-18,1298.140015,1300.219971,1274.51001,1278.599976,3829290000
2008-08-19,1276.650024,1276.650024,1263.109985,1266.689941,4159760000
2008-08-20,1267.339966,1276.01001,1261.160034,1274.540039,4555030000
2008-08-21,1271.069946,1281.400024,1265.219971,1277.719971,4032590000
2008-08-22,1277.589966,1293.089966,1277.589966,1292.199951,3741070000
2008-08-25,1290.469971,1290.469971,1264.869995,1266.839966,3420600000
2008-08-26,1267.030029,1275.650024,1263.209961,1271.51001,3587570000
2008-08-27,1271.290039,1285.050049,1270.030029,1281.660034,3499610000
2008-08-28,1283.790039,1300.680054,1283.790039,1300.680054,3854280000
2008-08-29,1296.48999,1297.589966,1282.73999,1282.829956,3288120000
2008-09-02,1287.829956,1303.040039,1272.199951,1277.579956,4783560000
2008-09-03,1276.609985,1280.599976,1265.589966,1274.97998,5056980000
2008-09-04,1271.800049,1271.800049,1232.829956,1236.829956,5212500000
2008-09-05,1233.209961,1244.939941,1217.22998,1242.310059,5017080000
2008-09-08,1249.5,1274.420044,1247.119995,1267.790039,7351340000
2008-09-09,1267.97998,1268.660034,1224.51001,1224.51001,7380630000
2008-09-10,1227.5,1243.900024,1221.599976,1232.040039,6543440000
2008-09-11,1229.040039,1249.97998,1211.540039,1249.050049,6869250000
2008-09-12,1245.880005,1255.089966,1233.810059,1251.699951,6273260000
2008-09-15,1250.920044,1250.920044,1192.699951,1192.699951,8279510000
2008-09-16,1188.310059,1214.839966,1169.280029,1213.599976,9459830000
2008-09-17,1210.339966,1210.339966,1155.880005,1156.390015,9431870000
2008-09-18,1157.079956,1211.140015,1133.5,1206.51001,10082690000
2008-09-19,1213.109985,1265.119995,1213.109985,1255.079956,9387170000
2008-09-22,1255.369995,1255.369995,1205.609985,1207.089966,5368130000
2008-09-23,1207.609985,1221.150024,1187.060059,1188.219971,5185730000
2008-09-24,1188.790039,1197.410034,1179.790039,1185.869995,4820360000
2008-09-25,1187.869995,1220.030029,1187.869995,1209.180054,5877640000
2008-09-26,1204.469971,1215.77002,1187.540039,1213.27002,5383610000
2008-09-29,1209.069946,1209.069946,1106.420044,1106.420044,7305060000
2008-09-30,1113.780029,1168.030029,1113.780029,1166.359985,4937680000
2008-10-01,1164.170044,1167.030029,1140.77002,1161.060059,5782130000
2008-10-02,1160.640015,1160.640015,1111.430054,1114.280029,6285640000
2008-10-03,1115.160034,1153.819946,1098.140015,1099.22998,6716120000
2008-10-06,1097.560059,1097.560059,1007.9699710000001,1056.890015,7956020000
2008-10-07,1057.599976,1072.910034,996.2299800000001,996.2299800000001,7069210000
2008-10-08,988.909973,1021.0599980000001,970.9699710000001,984.9400019999999,8716330000
2008-10-09,988.419983,1005.25,909.1900019999999,909.919983,6819000000
2008-10-10,902.3099980000001,936.3599849999999,839.7999880000001,899.2199710000001,11456230000
2008-10-13,912.75,1006.929993,912.75,1003.349976,7263370000
2008-10-14,1009.9699710000001,1044.310059,972.070007,998.01001,8161990000
2008-10-15,994.599976,994.599976,903.98999,907.840027,6542330000
2008-10-16,909.5300289999999,947.7100220000001,865.830017,946.429993,7984500000
2008-10-17,942.2899779999999,984.6400150000001,918.73999,940.5499880000001,6581780000
2008-10-20,943.51001,985.400024,943.51001,985.400024,5175640000
2008-10-21,980.400024,985.4400019999999,952.4699710000001,955.0499880000001,5121830000
2008-10-22,951.669983,951.669983,875.8099980000001,896.7800289999999,6147980000
2008-10-23,899.080017,922.830017,858.4400019999999,908.1099849999999,7189900000
2008-10-24,895.2199710000001,896.2999880000001,852.849976,876.7700199999999,6550050000
2008-10-27,874.2800289999999,893.7800289999999,846.75,848.919983,5558050000
2008-10-28,848.919983,940.51001,845.2700199999999,940.51001,7096950000
2008-10-29,939.51001,969.9699710000001,922.26001,930.090027,7077800000
2008-10-30,939.3800050000001,963.2299800000001,928.5,954.090027,6175830000
2008-10-31,953.1099849999999,984.3800050000001,944.590027,968.75,6394350000
2008-11-03,968.669983,975.570007,958.820007,966.2999880000001,4492280000
2008-11-04,971.3099980000001,1007.51001,971.3099980000001,1005.75,5531290000
2008-11-05,1001.840027,1001.840027,949.8599849999999,952.7700199999999,5426640000
2008-11-06,952.400024,952.400024,899.7299800000001,904.8800050000001,6102230000
2008-11-07,907.4400019999999,931.4600220000001,906.900024,930.98999,4931640000
2008-11-10,936.75,951.9500119999999,907.4699710000001,919.2100220000001,4572000000
2008-11-11,917.150024,917.150024,884.900024,898.9500119999999,4998340000
2008-11-12,893.3900150000001,893.3900150000001,850.4799800000001,852.2999880000001,5764180000
2008-11-13,853.1300050000001,913.01001,818.6900019999999,911.2899779999999,7849120000
2008-11-14,904.3599849999999,916.8800050000001,869.8800050000001,873.2899779999999,5881030000
2008-11-17,873.2299800000001,882.2899779999999,848.9799800000001,850.75,4927490000
2008-11-18,852.340027,865.900024,826.840027,859.1199949999999,6679470000
2008-11-19,859.0300289999999,864.570007,806.179993,806.580017,6548600000
2008-11-20,805.869995,820.52002,747.780029,752.4400019999999,9093740000
2008-11-21,755.840027,801.200012,741.02002,800.030029,9495900000
2008-11-24,801.200012,865.599976,801.200012,851.8099980000001,7879440000
2008-11-25,853.400024,868.9400019999999,834.98999,857.3900150000001,6952700000
2008-11-26,852.900024,887.679993,841.3699949999999,887.679993,5793260000
2008-11-28,886.8900150000001,896.25,881.2100220000001,896.23999,2740860000
2008-12-01,888.6099849999999,888.6099849999999,815.6900019999999,816.210022,6052010000
2008-12-02,817.9400019999999,850.5399779999999,817.9400019999999,848.8099980000001,6170100000
2008-12-03,843.599976,873.1199949999999,827.599976,870.73999,6221880000
2008-12-04,869.75,875.599976,833.599976,845.2199710000001,5860390000
2008-12-05,844.429993,879.419983,818.409973,876.070007,6165370000
2008-12-08,882.7100220000001,918.570007,882.7100220000001,909.7000119999999,6553600000
2008-12-09,906.4799800000001,916.26001,885.3800050000001,888.669983,5693110000
2008-12-10,892.169983,908.2700199999999,885.4500119999999,899.23999,5942130000
2008-12-11,898.349976,904.6300050000001,868.7299800000001,873.590027,5513840000
2008-12-12,871.7899779999999,883.23999,851.349976,879.7299800000001,5959590000
2008-12-15,881.070007,884.6300050000001,857.7199710000001,868.570007,4982390000
2008-12-16,871.5300289999999,914.659973,871.5300289999999,913.179993,6009780000
2008-12-17,908.159973,918.849976,895.9400019999999,904.419983,5907380000
2008-12-18,905.9799800000001,911.0200199999999,877.4400019999999,885.2800289999999,5675000000
2008-12-19,886.9600220000001,905.4699710000001,883.0200199999999,887.8800050000001,6705310000
2008-12-22,887.2000119999999,887.3699949999999,857.090027,871.6300050000001,4869850000
2008-12-23,874.3099980000001,880.4400019999999,860.099976,863.159973,4051970000
2008-12-24,863.8699949999999,869.7899779999999,861.4400019999999,868.150024,1546550000
2008-12-26,869.51001,873.73999,866.5200199999999,872.7999880000001,1880050000
2008-12-29,872.3699949999999,873.7000119999999,857.070007,869.419983,3323430000
2008-12-30,870.580017,891.1199949999999,870.580017,890.6400150000001,3627800000
2008-12-31,890.590027,910.320007,889.669983,903.25,4172940000
2009-01-02,902.98999,934.7299800000001,899.349976,931.7999880000001,4048270000
2009-01-05,929.169983,936.6300050000001,919.5300289999999,927.4500119999999,5413910000
2009-01-06,931.169983,943.849976,927.2800289999999,934.7000119999999,5392620000
2009-01-07,927.4500119999999,927.4500119999999,902.3699949999999,906.650024,4704940000
2009-01-08,905.7299800000001,910.0,896.8099980000001,909.7299800000001,4991550000
2009-01-09,909.909973,911.929993,888.3099980000001,890.349976,4716500000
2009-01-12,890.400024,890.400024,864.320007,870.26001,4725050000
2009-01-13,869.7899779999999,877.0200199999999,862.0200199999999,871.7899779999999,5567460000
2009-01-14,867.2800289999999,867.2800289999999,836.929993,842.6199949999999,5407880000
2009-01-15,841.98999,851.590027,817.039978,843.73999,7807350000
2009-01-16,844.4500119999999,858.1300050000001,830.659973,850.1199949999999,6786040000
2009-01-20,849.6400150000001,849.6400150000001,804.469971,805.219971,6375230000
2009-01-21,806.77002,841.7199710000001,804.299988,840.23999,6467830000
2009-01-22,839.73999,839.73999,811.289978,827.5,5843830000
2009-01-23,822.159973,838.6099849999999,806.070007,831.950012,5832160000
2009-01-26,832.5,852.5300289999999,827.6900019999999,836.570007,6039940000
2009-01-27,837.299988,850.4500119999999,835.400024,845.7100220000001,5353260000
2009-01-28,845.7299800000001,877.8599849999999,845.7299800000001,874.090027,6199180000
2009-01-29,868.8900150000001,868.8900150000001,844.150024,845.1400150000001,5067060000
2009-01-30,845.6900019999999,851.659973,821.669983,825.880005,5350580000
2009-02-02,823.090027,830.780029,812.869995,825.4400019999999,5673270000
2009-02-03,825.6900019999999,842.599976,821.97998,838.51001,5886310000
2009-02-04,837.77002,851.849976,829.179993,832.22998,6420450000
2009-02-05,831.75,850.5499880000001,819.909973,845.849976,6624030000
2009-02-06,846.090027,870.75,845.419983,868.599976,6484100000
2009-02-09,868.23999,875.01001,861.650024,869.8900150000001,5574370000
2009-02-10,866.8699949999999,868.0499880000001,822.98999,827.159973,6770170000
2009-02-11,827.409973,838.219971,822.299988,833.73999,5926460000
2009-02-12,829.909973,835.47998,808.0599980000001,835.1900019999999,6476460000
2009-02-13,833.950012,839.429993,825.210022,826.840027,5296650000
2009-02-17,818.6099849999999,818.6099849999999,789.169983,789.169983,5907820000
2009-02-18,791.0599980000001,796.169983,780.429993,788.419983,5740710000
2009-02-19,787.909973,797.580017,777.030029,778.9400019999999,5746940000
2009-02-20,775.869995,778.6900019999999,754.25,770.049988,8210590000
2009-02-23,773.25,777.849976,742.369995,743.330017,6509300000
2009-02-24,744.6900019999999,775.48999,744.6900019999999,773.1400150000001,7234490000
2009-02-25,770.6400150000001,780.119995,752.8900150000001,764.900024,7483640000
2009-02-26,765.76001,779.419983,751.75,752.830017,7599970000
2009-02-27,749.929993,751.27002,734.52002,735.090027,8926480000
